{"0.5": [0.8197000000000001, 0.829, 0.8401, 0.8129000000000001, 0.8106, 0.8121, 0.8361, 0.7967000000000001, 0.8120999999999999, 0.8496, 0.8499, 0.8536999999999999, 0.8181, 0.8122, 0.7930999999999999, 0.8513, 0.8243999999999999, 0.8285000000000001, 0.7787999999999999, 0.8282, 0.8294, 0.8547, 0.8357999999999999, 0.7738, 0.7998000000000001, 0.8590999999999999, 0.7955, 0.841, 0.7878], "0.49": [0.8197000000000001, 0.829, 0.8401, 0.8129000000000001, 0.8106, 0.8121, 0.8361, 0.7967000000000001, 0.8120999999999999, 0.8496, 0.8499, 0.8897107166337936, 0.8181, 0.8122, 0.7930999999999999, 0.8513, 0.8243999999999999, 0.8285000000000001, 0.7787999999999999, 0.8282, 0.8294, 0.8547, 0.8357999999999999, 0.7738, 0.7998000000000001, 0.8590999999999999, 0.7955, 0.841, 0.7878], "0.48": [0.8197000000000001, 0.829, 0.8401, 0.8129000000000001, 0.8106, 0.8121, 0.8361, 0.7967000000000001, 0.8120999999999999, 0.8496, 0.8499, 0.9044117647058824, 0.8181, 0.8122, 0.7930999999999999, 0.8513, 0.8243999999999999, 0.8285000000000001, 0.7787999999999999, 0.8282, 0.8294, 0.8547, 0.8357999999999999, 0.7738, 0.7998000000000001, 0.8590999999999999, 0.7955, 0.841, 0.7878], "0.47": [0.8197000000000001, 0.829, 0.8401, 0.8129000000000001, 0.8106, 0.8121, 0.8361, 0.7967000000000001, 0.8120999999999999, 0.8496, 0.8499, 0.8972663139329806, 0.8181, 0.8122, 0.7930999999999999, 0.8513, 0.8243999999999999, 0.8285000000000001, 0.7787999999999999, 0.8282, 0.8294, 0.8547, 0.8357999999999999, 0.7738, 0.7998000000000001, 0.8590999999999999, 0.7955, 0.841, 0.7878], "0.46": [0.8197000000000001, 0.829, 0.8401, 0.8129000000000001, 0.8106, 0.8121, 0.8361, 0.7967000000000001, 0.8120999999999999, 0.8496, 0.8499, 0.8901846452866861, 0.8181, 0.8122, 0.7930999999999999, 0.8513, 0.8243999999999999, 0.8285000000000001, 0.7787999999999999, 0.8282, 0.8294, 0.8547, 0.8357999999999999, 0.7738, 0.7998000000000001, 0.8590999999999999, 0.7955, 0.841, 0.7878], "0.45": [0.8197000000000001, 0.829, 0.8401, 0.8129000000000001, 0.8106, 0.8121, 0.8361, 0.7967000000000001, 0.8120999999999999, 0.8540603741496599, 0.8499, 0.9566502463054187, 0.8181, 0.8122, 0.7930999999999999, 0.8513, 0.8243999999999999, 0.8285000000000001, 0.7787999999999999, 0.8282, 0.8294, 0.8547, 0.8357999999999999, 0.7738, 0.7998000000000001, 0.8590999999999999, 0.7955, 0.841, 0.7878], "0.44": [0.8197000000000001, 0.829, 0.8401, 0.8129000000000001, 0.8106, 0.8121, 0.8361, 0.7967000000000001, 0.8120999999999999, 0.8845101258894362, 0.8499, 0.962962962962963, 0.8181, 0.8122, 0.7930999999999999, 0.8513, 0.8243999999999999, 0.8285000000000001, 0.7787999999999999, 0.8282, 0.8294, 0.8547, 0.8357999999999999, 0.7738, 0.7998000000000001, 0.8590999999999999, 0.7955, 0.841, 0.7878], "0.43": [0.8197000000000001, 0.829, 0.8401, 0.8129000000000001, 0.8106, 0.8121, 0.8361, 0.7967000000000001, 0.8120999999999999, 0.8861454046639232, 0.8499, 0.9561403508771931, 0.8181, 0.8122, 0.7930999999999999, 0.8513, 0.8243999999999999, 0.8285000000000001, 0.7912322908313286, 0.8282, 0.8294, 0.8547, 0.8357999999999999, 0.7738, 0.7998000000000001, 0.8590999999999999, 0.7955, 0.841, 0.7878], "0.42": [0.8197000000000001, 0.829, 0.8401, 0.8129000000000001, 0.8106, 0.8121, 0.8361, 0.7967000000000001, 0.8120999999999999, 0.8871641791044775, 0.8499, 0.935, 0.8181, 0.8122, 0.7930999999999999, 0.8513, 0.8243999999999999, 0.8285000000000001, 0.8387002341920374, 0.8282, 0.8294, 0.8547, 0.8357999999999999, 0.7738, 0.7998000000000001, 0.8590999999999999, 0.7955, 0.841, 0.7878], "0.41": [0.8197000000000001, 0.829, 0.8401, 0.8129000000000001, 0.8106, 0.8121, 0.8361, 0.7967000000000001, 0.8120999999999999, 0.8787878787878788, 0.8499, 0.9489795918367346, 0.8181, 0.8122, 0.7930999999999999, 0.8534832864729772, 0.8243999999999999, 0.8285000000000001, 0.8245614035087719, 0.8282, 0.842436974789916, 0.8547, 0.8357999999999999, 0.8066093853271645, 0.7998000000000001, 0.8590999999999999, 0.7955, 0.841, 0.7878], "0.4": [0.8209943551888841, 0.829, 0.8401, 0.8129000000000001, 0.8106, 0.8121, 0.8361, 0.7967000000000001, 0.8120999999999999, 0.8905913978494623, 0.8499, 0.6666666666666667, 0.8181, 0.8122, 0.7930999999999999, 0.8668119099491649, 0.8243999999999999, 0.8285000000000001, 0.8125996810207335, 0.8282, 0.8557413600891861, 0.8547, 0.8357999999999999, 0.8502938447262604, 0.7998000000000001, 0.8590999999999999, 0.7955, 0.841, 0.7878], "0.39": [0.8523529411764706, 0.829, 0.8401, 0.8129000000000001, 0.8106, 0.8149589732800336, 0.8361, 0.7967000000000001, 0.8120999999999999, 0.9412955465587043, 0.8499, 0.8181, 0.8122, 0.7930999999999999, 0.907070707070707, 0.8243999999999999, 0.8285000000000001, 0.8030769230769231, 0.8319275226491721, 0.8509550712940542, 0.8547, 0.8667721518987341, 0.8567921440261865, 0.8282368249837346, 0.8590999999999999, 0.7955, 0.841, 0.7878], "0.38": [0.8599042080054738, 0.829, 0.8401, 0.8129000000000001, 0.8106, 0.8574346405228758, 0.8361, 0.7967000000000001, 0.8120999999999999, 0.9222873900293256, 0.8499, 0.8181, 0.8708513708513708, 0.7930999999999999, 0.9120323559150657, 0.8243999999999999, 0.8285000000000001, 0.8559027777777778, 0.8778085564789165, 0.8490978676872608, 0.8547, 0.8646446355817112, 0.8677285318559557, 0.8143133462282397, 0.8590999999999999, 0.7955, 0.841, 0.7878], "0.37": [0.8724797067295104, 0.829, 0.8401, 0.8129000000000001, 0.8106, 0.8548076923076924, 0.8361, 0.7967000000000001, 0.8120999999999999, 0.9096774193548388, 0.8499, 0.8181, 0.9099099099099099, 0.7930999999999999, 0.9000628535512256, 0.8243999999999999, 0.8285000000000001, 0.8559027777777778, 0.8982954545454546, 0.8935532233883058, 0.8547, 0.8571428571428572, 0.9136316337148804, 0.8619047619047618, 0.8590999999999999, 0.7955, 0.841, 0.7878], "0.36": [0.8813100961538461, 0.829, 0.8401, 0.8247435271128482, 0.8106, 0.8623655913978494, 0.8361, 0.7967000000000001, 0.8120999999999999, 0.9066666666666667, 0.8499, 0.8181, 0.8984126984126984, 0.7930999999999999, 0.9215686274509803, 0.8243999999999999, 0.8285000000000001, 0.8559027777777778, 0.9246323529411764, 0.8737373737373737, 0.8547, 0.9396135265700484, 0.92816091954023, 0.8590999999999999, 0.7955, 0.8723974438260151, 0.7878], "0.35": [0.8870214752567693, 0.829, 0.8401, 0.8402842137781896, 0.8106, 0.9038461538461539, 0.8361, 0.7967000000000001, 0.8120999999999999, 0.8968253968253969, 0.8499, 0.8181, 0.8892921960072595, 0.7930999999999999, 0.918560606060606, 0.8243999999999999, 0.8285000000000001, 0.8514492753623187, 0.9280359820089955, 0.8737373737373737, 0.8672814755412991, 0.9444444444444444, 0.9181818181818183, 0.8590999999999999, 0.7955, 0.8796600877192982, 0.7878], "0.34": [0.8739595719381688, 0.829, 0.8401, 0.8391181988742964, 0.8106, 0.9565217391304348, 0.8361, 0.7967000000000001, 0.8120999999999999, 0.8692307692307693, 0.8499, 0.8181, 0.8892921960072595, 0.7930999999999999, 0.9134199134199134, 0.8243999999999999, 0.8285000000000001, 0.8458498023715415, 0.9404761904761905, 0.8677248677248677, 0.8814102564102564, 0.941358024691358, 0.8981481481481481, 0.8590999999999999, 0.7955, 0.9178187403993856, 0.7878], "0.33": [0.8981818181818181, 0.829, 0.8401, 0.8552123552123553, 0.8106, 0.9699248120300752, 0.8361, 0.7967000000000001, 0.832982086406744, 0.8383838383838383, 0.8499, 0.8181, 0.8892921960072595, 0.7930999999999999, 0.899749373433584, 0.8243999999999999, 0.8285000000000001, 0.8594771241830065, 0.9378881987577641, 0.8677248677248677, 0.8874423203691497, 0.9134615384615384, 0.8590999999999999, 0.7955, 0.5, 0.7878], "0.32": [0.8782608695652174, 0.829, 0.8401, 0.8490740740740742, 0.8106, 0.9, 0.8361, 0.7967000000000001, 0.8948412698412698, 0.7230769230769232, 0.8499, 0.8181, 0.8892921960072595, 0.7930999999999999, 0.9363636363636364, 0.8243999999999999, 0.8285000000000001, 0.8538461538461539, 0.9378881987577641, 0.8677248677248677, 0.893455098934551, 1.0, 0.8590999999999999, 0.7955, 0.7878],